Route_Name,Route_Link,Bus_Name,Bus_Type,Departing_Time,Duration,Reaching_Time,Star_Rating,Price,Seat_Availability
Bangalore to Kozhikode,https://www.redbus.in/bus-tickets/bangalore-to-kozhikode,KSRTC (Kerala) - 52,SWIFT-GARUDA A/C SEATER BUS,12:01,07h 54m,19:55,3.5,INR 945,11 Seats available
Bangalore to Kozhikode,https://www.redbus.in/bus-tickets/bangalore-to-kozhikode,KSRTC (Kerala) - 1378,AC MULTI AXLE,13:46,07h 39m,21:25,2.0,INR 1099,24 Seats available
Bangalore to Kozhikode,https://www.redbus.in/bus-tickets/bangalore-to-kozhikode,KSRTC (Kerala) - 129,SWIFT-GARUDA A/C SEATER BUS,14:15,08h 35m,22:50,4.2,INR 945,30 Seats available
Bangalore to Kozhikode,https://www.redbus.in/bus-tickets/bangalore-to-kozhikode,KSRTC (Kerala) - 235,Swift Deluxe Non AC Air Bus (2+2),15:00,09h 01m,00:01,3.9,INR 801,24 Seats available
Bangalore to Kozhikode,https://www.redbus.in/bus-tickets/bangalore-to-kozhikode,KSRTC (Kerala) - 370,AC MULTI AXLE,15:25,06h 55m,22:20,3.0,INR 1099,19 Seats available
Bangalore to Kozhikode,https://www.redbus.in/bus-tickets/bangalore-to-kozhikode,KSRTC (Kerala) - 97,Swift Deluxe Non AC Air Bus (2+2),16:02,08h 48m,00:50,2.8,INR 740,13 Seats available
Bangalore to Kozhikode,https://www.redbus.in/bus-tickets/bangalore-to-kozhikode,KSRTC (Kerala) - 171,Swift Deluxe Non AC Air Bus (2+2),16:16,09h 04m,01:20,4.1,INR 832,1 Seat available
Bangalore to Kozhikode,https://www.redbus.in/bus-tickets/bangalore-to-kozhikode,KSRTC (Kerala) - 51,Swift Deluxe Non AC Air Bus (2+2),19:04,09h 20m,04:24,4.2,INR 832,38 Seats available
Bangalore to Kozhikode,https://www.redbus.in/bus-tickets/bangalore-to-kozhikode,KSRTC (Kerala) - 789,Super Fast Non AC Seater (2+3),20:00,08h 25m,04:25,3.4,INR 473,12 Seats available
Bangalore to Kozhikode,https://www.redbus.in/bus-tickets/bangalore-to-kozhikode,KSRTC (Kerala) - 1585,Super Express Non AC Seater Air Bus (2+2),20:31,09h 05m,05:36,3.9,INR 832,22 Seats available
Bangalore to Kozhikode,https://www.redbus.in/bus-tickets/bangalore-to-kozhikode,Kyros Connect,Bharat Benz A/C Semi Sleeper (2+2),23:00,10h 00m,09:00,4.2,INR 799,31 Seats available
Bangalore to Kozhikode,https://www.redbus.in/bus-tickets/bangalore-to-kozhikode,NS Transports,VE A/C Sleeper (2+1),22:45,08h 45m,07:30,4.1,INR 999,28 Seats available
Bangalore to Kozhikode,https://www.redbus.in/bus-tickets/bangalore-to-kozhikode,NS Transports,Non A/C Seater / Sleeper (2+1),21:45,08h 25m,06:10,4.1,INR 699,27 Seats available
Bangalore to Kozhikode,https://www.redbus.in/bus-tickets/bangalore-to-kozhikode,NS Transports,Non A/C Seater / Sleeper (2+1),22:15,08h 15m,06:30,4.1,INR 749,14 Seats available
Bangalore to Kozhikode,https://www.redbus.in/bus-tickets/bangalore-to-kozhikode,DLT BUS,A/C Sleeper (2+1),22:30,09h 00m,07:30,3.9,INR 900,16 Seats available
Bangalore to Kozhikode,https://www.redbus.in/bus-tickets/bangalore-to-kozhikode,Suraj Holidays,VE A/C Sleeper (2+1),22:30,09h 00m,07:30,3.9,850,19 Seats available
Bangalore to Kozhikode,https://www.redbus.in/bus-tickets/bangalore-to-kozhikode,Suraj Holidays,NON AC Seater / Sleeper 2+1,20:30,09h 30m,06:00,3.5,600,22 Seats available
Bangalore to Kozhikode,https://www.redbus.in/bus-tickets/bangalore-to-kozhikode,P K Travels,A/C Sleeper (2+1),18:45,11h 45m,06:30,4.0,INR 999,18 Seats available
Bangalore to Kozhikode,https://www.redbus.in/bus-tickets/bangalore-to-kozhikode,DA Transports,A/C Sleeper (2+1),21:45,09h 15m,07:00,3.8,INR 799,15 Seats available
Bangalore to Kozhikode,https://www.redbus.in/bus-tickets/bangalore-to-kozhikode,SKS Tourist Corporation (REGD),A/C Sleeper (2+1),21:00,08h 30m,05:30,3.8,INR 999,21 Seats available
Kozhikode to Bangalore,https://www.redbus.in/bus-tickets/kozhikode-to-bangalore,MMK Travels,A/C Seater / Sleeper (2+1),21:30,08h 30m,06:00,4.4,INR 1500,15 Seats available
Kozhikode to Bangalore,https://www.redbus.in/bus-tickets/kozhikode-to-bangalore,SAAM BUS,VE A/C Sleeper (2+1),20:30,09h 45m,06:15,4.5,INR 1500,5 Seats available
Kozhikode to Bangalore,https://www.redbus.in/bus-tickets/kozhikode-to-bangalore,DLT BUS,A/C Sleeper (2+1),21:45,08h 45m,06:30,4.3,INR 1899,11 Seats available
Kozhikode to Bangalore,https://www.redbus.in/bus-tickets/kozhikode-to-bangalore,AdFAST LINE BUS,A/C Sleeper (2+1),21:15,09h 00m,06:15,4.8,1709,7 Seats available
Kozhikode to Bangalore,https://www.redbus.in/bus-tickets/kozhikode-to-bangalore,Kyros Connect,Bharat Benz A/C Semi Sleeper (2+2),12:15,08h 15m,20:30,4.3,INR 1999,16 Seats available
Kozhikode to Bangalore,https://www.redbus.in/bus-tickets/kozhikode-to-bangalore,NS Transports,Non A/C Seater / Sleeper (2+1),20:30,10h 05m,06:35,4.2,INR 1399,1 Seat available
Kozhikode to Bangalore,https://www.redbus.in/bus-tickets/kozhikode-to-bangalore,Suraj Holidays,VE A/C Sleeper (2+1),22:00,09h 15m,07:15,4.0,INR 1750,14 Seats available
Kozhikode to Bangalore,https://www.redbus.in/bus-tickets/kozhikode-to-bangalore,AdSAAM BUS,VE A/C Sleeper (2+1),20:30,09h 45m,06:15,4.4,INR 1600,18 Seats available
Kozhikode to Bangalore,https://www.redbus.in/bus-tickets/kozhikode-to-bangalore,National travels and logistics,NON A/C Sleeper (2+1),20:45,09h 30m,06:15,4.0,1449,8 Seats available
Kozhikode to Bangalore,https://www.redbus.in/bus-tickets/kozhikode-to-bangalore,NS Transports,VE A/C Sleeper (2+1),21:16,09h 14m,06:30,4.0,INR 1599,8 Seats available
Kozhikode to Bangalore,https://www.redbus.in/bus-tickets/kozhikode-to-bangalore,P K Travels,A/C Seater / Sleeper (2+1),21:45,09h 00m,06:45,4.6,1710,2 Seats available
Kozhikode to Bangalore,https://www.redbus.in/bus-tickets/kozhikode-to-bangalore,DA Transports,A/C Sleeper (2+1),21:50,08h 55m,06:45,3.8,INR 1599,13 Seats available
Kozhikode to Bangalore,https://www.redbus.in/bus-tickets/kozhikode-to-bangalore,NS Transports,Non A/C Seater / Sleeper (2+1),19:30,09h 00m,04:30,3.9,INR 1499,1 Seat available
Kozhikode to Bangalore,https://www.redbus.in/bus-tickets/kozhikode-to-bangalore,Sam Tourist,NON AC Seater / Sleeper 2+1,21:00,09h 30m,06:30,3.8,INR 1799,15 Seats available
Kozhikode to Bangalore,https://www.redbus.in/bus-tickets/kozhikode-to-bangalore,SURAJ TRAVEL HOUSE,VE A/C Seater / Sleeper (2+1),20:45,09h 15m,06:00,3.6,1600,2 Seats available
Kozhikode to Bangalore,https://www.redbus.in/bus-tickets/kozhikode-to-bangalore,P K Travels,A/C Sleeper (2+1),20:00,10h 00m,06:00,4.2,1710,1 Seat available
Kozhikode to Bangalore,https://www.redbus.in/bus-tickets/kozhikode-to-bangalore,SKS Tours & Travels,A/C Sleeper (2+1),21:00,09h 00m,06:00,4.3,INR 1799,6 Seats available
Kozhikode to Bangalore,https://www.redbus.in/bus-tickets/kozhikode-to-bangalore,Kallada Travels (Suresh Kallada),A/C Sleeper (2+1),21:10,10h 05m,07:15,3.4,INR 1900,12 Seats available
Kozhikode to Bangalore,https://www.redbus.in/bus-tickets/kozhikode-to-bangalore,Bharathi Travels,A/C Sleeper (2+1),15:00,08h 48m,23:48,3.3,INR 2645,15 Seats available
Kozhikode to Bangalore,https://www.redbus.in/bus-tickets/kozhikode-to-bangalore,MMK Travels,A/C Sleeper (2+1),20:30,09h 00m,05:30,4.0,INR 1900,19 Seats available
Kozhikode to Bangalore,https://www.redbus.in/bus-tickets/kozhikode-to-bangalore,A1 Travels,A/C Seater / Sleeper (2+1),22:00,08h 00m,06:00,2.9,INR 1650,3 Seats available
Kozhikode to Bangalore,https://www.redbus.in/bus-tickets/kozhikode-to-bangalore,Kallada Travels (Suresh Kallada),A/C Sleeper (2+1),13:45,09h 25m,23:10,4.2,INR 2400,21 Seats available
Kozhikode to Bangalore,https://www.redbus.in/bus-tickets/kozhikode-to-bangalore,National travels and logistics,A/C Sleeper (2+1),21:00,09h 15m,06:15,2.9,INR 1590,7 Seats available
Kozhikode to Bangalore,https://www.redbus.in/bus-tickets/kozhikode-to-bangalore,Orange Tours And Travels,Bharat Benz A/C Sleeper (2+1),14:00,09h 30m,23:30,2.5,2525,18 Seats available
Kozhikode to Bangalore,https://www.redbus.in/bus-tickets/kozhikode-to-bangalore,A1 Travels,A/C Seater / Sleeper (2+1),20:00,09h 30m,05:30,1.7,INR 1500,9 Seats available
Kozhikode to Bangalore,https://www.redbus.in/bus-tickets/kozhikode-to-bangalore,Sam Tourist,Volvo A/C Seater (2+2),21:30,09h 00m,06:30,3.5,INR 1699,23 Seats available
Kozhikode to Bangalore,https://www.redbus.in/bus-tickets/kozhikode-to-bangalore,Silver Line Travels,NON A/C Semi Sleeper (2+2),20:45,09h 15m,06:00,2.9,INR 1300,12 Seats available
Kozhikode to Bangalore,https://www.redbus.in/bus-tickets/kozhikode-to-bangalore,CHANCHALAS TOURS AND TRAVELS,A/C Semi Sleeper (2+2),19:00,09h 15m,04:15,4.2,1614,17 Seats available
Kozhikode to Bangalore,https://www.redbus.in/bus-tickets/kozhikode-to-bangalore,NS Transports,NON A/C Sleeper (2+1),19:31,08h 59m,04:30,4.1,INR 1499,6 Seats available
Kozhikode to Bangalore,https://www.redbus.in/bus-tickets/kozhikode-to-bangalore,DA Transports,A/C Sleeper (2+1),22:01,09h 44m,07:45,3.7,INR 1649,7 Seats available
Kozhikode to Bangalore,https://www.redbus.in/bus-tickets/kozhikode-to-bangalore,Sam Tourist,NON AC Seater / Sleeper 2+1,21:20,09h 45m,07:05,3.3,INR 1499,22 Seats available
Kozhikode to Bangalore,https://www.redbus.in/bus-tickets/kozhikode-to-bangalore,J J YATRA,A/C Sleeper (2+1),20:45,09h 15m,06:00,2.8,1465,20 Seats available
Kozhikode to Bangalore,https://www.redbus.in/bus-tickets/kozhikode-to-bangalore,Balaji Tourist,Volvo Multi-Axle A/C Semisleeper (2+2),20:30,09h 30m,06:00,1.9,INR 1650,17 Seats available
Kozhikode to Bangalore,https://www.redbus.in/bus-tickets/kozhikode-to-bangalore,Sam Tours and Travels,A/C Seater (2+2),21:00,10h 15m,07:15,0,INR 1199,6 Seats available
Kozhikode to Ernakulam,https://www.redbus.in/bus-tickets/kozhikode-to-ernakulam,KSRTC (Kerala) - 2718,Super Fast Non AC Seater (2+3),13:50,06h 10m,20:00,3.0,INR 209,13 Seats available
Kozhikode to Ernakulam,https://www.redbus.in/bus-tickets/kozhikode-to-ernakulam,KSRTC (Kerala) - 427,Super Fast Non AC Seater (2+3),13:55,06h 25m,20:20,3.0,INR 269,2 Seats available
Kozhikode to Ernakulam,https://www.redbus.in/bus-tickets/kozhikode-to-ernakulam,KSRTC (Kerala) - 2818,Super Fast Non AC Seater (2+3),15:00,05h 30m,20:30,3.0,INR 269,16 Seats available
Kozhikode to Ernakulam,https://www.redbus.in/bus-tickets/kozhikode-to-ernakulam,KSRTC (Kerala) - 2810,Super Fast Non AC Seater (2+3),15:25,05h 40m,21:05,3.0,INR 269,34 Seats available
Kozhikode to Ernakulam,https://www.redbus.in/bus-tickets/kozhikode-to-ernakulam,KSRTC (Kerala) - 720,Super Fast Non AC Seater (2+3),15:40,05h 35m,21:15,2.0,INR 269,25 Seats available
Kozhikode to Ernakulam,https://www.redbus.in/bus-tickets/kozhikode-to-ernakulam,KSRTC (Kerala) - 2898,Low Floor AC Seater 2+2,16:00,06h 15m,22:15,3.0,INR 383,1 Seat available
Kozhikode to Ernakulam,https://www.redbus.in/bus-tickets/kozhikode-to-ernakulam,KSRTC (Kerala) - 2874,Super Fast Non AC Seater (2+3),16:20,06h 10m,22:30,3.0,INR 230,15 Seats available
Kozhikode to Ernakulam,https://www.redbus.in/bus-tickets/kozhikode-to-ernakulam,KSRTC (Kerala) - 2900,Low Floor AC Seater 2+2,18:00,06h 15m,00:15,3.0,INR 383,1 Seat available
Kozhikode to Ernakulam,https://www.redbus.in/bus-tickets/kozhikode-to-ernakulam,KSRTC (Kerala) - 370,AC MULTI AXLE,22:20,04h 55m,03:15,1.9,INR 750,1 Seat available
Kozhikode to Ernakulam,https://www.redbus.in/bus-tickets/kozhikode-to-ernakulam,A1 Travels,NON A/C Semi Sleeper (2+2),21:00,04h 30m,01:30,4.1,INR 800,1 Seat available
Kozhikode to Ernakulam,https://www.redbus.in/bus-tickets/kozhikode-to-ernakulam,A1 Travels,Bharat Benz A/C Seater /Sleeper (2+1),22:30,02h 59m,01:29,3.2,INR 900,1 Seat available
Kozhikode to Ernakulam,https://www.redbus.in/bus-tickets/kozhikode-to-ernakulam,A1 Travels,NON A/C Semi Sleeper (2+2),22:30,04h 30m,03:00,3.5,INR 800,7 Seats available
Kozhikode to Ernakulam,https://www.redbus.in/bus-tickets/kozhikode-to-ernakulam,Archana Holidays,AC Seater (2+2),23:15,04h 55m,04:10,4.4,INR 899,18 Seats available
Kozhikode to Ernakulam,https://www.redbus.in/bus-tickets/kozhikode-to-ernakulam,Sonia Travels,A/C Semi Sleeper (2+2),23:45,03h 45m,03:30,4.2,INR 700,4 Seats available
Kozhikode to Ernakulam,https://www.redbus.in/bus-tickets/kozhikode-to-ernakulam,Sonia Travels,A/C Semi Sleeper (2+2),23:54,04h 36m,04:30,4.2,INR 949,14 Seats available
Kozhikode to Ernakulam,https://www.redbus.in/bus-tickets/kozhikode-to-ernakulam,Surya Connect,Volvo A/C Semi Sleeper (2+2),23:55,05h 20m,05:15,4.5,INR 930,1 Seat available
Kozhikode to Ernakulam,https://www.redbus.in/bus-tickets/kozhikode-to-ernakulam,Blue Bird Travels,A/C Seater Push Back (2+2),21:40,04h 19m,01:59,2.3,INR 799,18 Seats available
Kozhikode to Ernakulam,https://www.redbus.in/bus-tickets/kozhikode-to-ernakulam,Archana Holidays,A/C Seater Push Back (2+2),23:15,04h 55m,04:10,0,INR 899,6 Seats available
Kozhikode to Ernakulam,https://www.redbus.in/bus-tickets/kozhikode-to-ernakulam,EMERALD TRAVELS,Volvo A/C Seater (2+2),23:55,05h 35m,05:30,0,INR 900,35 Seats available
Ernakulam to Kozhikode,https://www.redbus.in/bus-tickets/ernakulam-to-kozhikode,Ubc travels,A/C Semi Sleeper (2+2),20:40,04h 20m,01:00,3.0,INR 900,8 Seats available
Ernakulam to Kozhikode,https://www.redbus.in/bus-tickets/ernakulam-to-kozhikode,Kalpaka Travels 1,A/C Sleeper (2+1),20:55,05h 35m,02:30,5.0,INR 800,6 Seats available
Ernakulam to Kozhikode,https://www.redbus.in/bus-tickets/ernakulam-to-kozhikode,Sheraton Tours and Travels,A/C Seater/Sleeper (2+1),21:00,04h 45m,01:45,5.0,800,2 Seats available
Ernakulam to Kozhikode,https://www.redbus.in/bus-tickets/ernakulam-to-kozhikode,Jacobs Travels,A/C Semi Sleeper (2+2),21:00,05h 30m,02:30,3.0,INR 850,14 Seats available
Ernakulam to Kozhikode,https://www.redbus.in/bus-tickets/ernakulam-to-kozhikode,Cochin Express,Volvo Multi-Axle B9R A/c Semi Sleeper (2+2),21:15,05h 05m,02:20,4.4,INR 700,6 Seats available
Ernakulam to Kozhikode,https://www.redbus.in/bus-tickets/ernakulam-to-kozhikode,UFO Bus,Volvo Multi-Axle B9R A/c Semi Sleeper (2+2),21:45,04h 55m,02:40,3.8,648,16 Seats available
Ernakulam to Kozhikode,https://www.redbus.in/bus-tickets/ernakulam-to-kozhikode,Sonia Travels,A/C Semi Sleeper (2+2),21:20,05h 10m,02:30,3.7,INR 700,13 Seats available
Ernakulam to Kozhikode,https://www.redbus.in/bus-tickets/ernakulam-to-kozhikode,UFO Bus,A/C Sleeper (2+1),21:15,05h 30m,02:45,3.8,755,5 Seats available
Ernakulam to Kozhikode,https://www.redbus.in/bus-tickets/ernakulam-to-kozhikode,UFO Bus,Volvo Multi-Axle B9R A/c Semi Sleeper (2+2),21:30,05h 15m,02:45,4.7,648,12 Seats available
Ernakulam to Kozhikode,https://www.redbus.in/bus-tickets/ernakulam-to-kozhikode,Madhavi Travels,A/C Semi Sleeper (2+2),21:30,04h 45m,02:15,4.0,INR 899,23 Seats available
Bangalore to Kannur,https://www.redbus.in/bus-tickets/bangalore-to-kannur,KSRTC (Kerala) - 136,Swift Deluxe Non AC Air Bus (2+2),20:30,07h 55m,04:25,3.3,INR 740,16 Seats available
Bangalore to Kannur,https://www.redbus.in/bus-tickets/bangalore-to-kannur,KSRTC (Kerala) - 101,Swift Deluxe Non AC Air Bus (2+2),21:16,07h 30m,04:46,4.3,INR 709,22 Seats available
Bangalore to Kannur,https://www.redbus.in/bus-tickets/bangalore-to-kannur,KSRTC (Kerala) - 98,Swift Deluxe Non AC Air Bus (2+2),21:30,08h 15m,05:45,3.7,INR 750,27 Seats available
Bangalore to Kannur,https://www.redbus.in/bus-tickets/bangalore-to-kannur,KSRTC (Kerala) - 1767,Super Express Non AC Seater Air Bus (2+2),23:01,07h 45m,06:46,3.6,INR 740,30 Seats available
Bangalore to Kannur,https://www.redbus.in/bus-tickets/bangalore-to-kannur,NS Transports,A/C Sleeper (2+1),22:15,07h 20m,05:35,4.5,INR 1049,11 Seats available
Bangalore to Kannur,https://www.redbus.in/bus-tickets/bangalore-to-kannur,GOLDEN TRAVEL AGENCIES,Volvo A/C Semi Sleeper (2+2),22:45,06h 00m,04:45,4.5,INR 899,25 Seats available
Bangalore to Kannur,https://www.redbus.in/bus-tickets/bangalore-to-kannur,MMK Travels,VE A/C Seater / Sleeper (2+1),22:15,07h 15m,05:30,4.4,INR 699,26 Seats available
Bangalore to Kannur,https://www.redbus.in/bus-tickets/bangalore-to-kannur,GOLDEN TRAVEL AGENCIES,A/C Sleeper (2+1),21:45,07h 40m,05:25,4.4,INR 899,14 Seats available
Bangalore to Kannur,https://www.redbus.in/bus-tickets/bangalore-to-kannur,Kalpaka Travels,A/C Sleeper (2+1),22:10,06h 50m,05:00,4.3,INR 900,8 Seats available
Bangalore to Kannur,https://www.redbus.in/bus-tickets/bangalore-to-kannur,NS Transports,NON A/C Sleeper (2+1),22:45,06h 35m,05:20,4.2,INR 799,13 Seats available
Bangalore to Kannur,https://www.redbus.in/bus-tickets/bangalore-to-kannur,Ashoka Travel and Logistics,A/C Sleeper (2+1),21:45,07h 45m,05:30,4.0,925,12 Seats available
Bangalore to Kannur,https://www.redbus.in/bus-tickets/bangalore-to-kannur,National travels and logistics,Non A/C Seater / Sleeper (2+1),22:40,07h 05m,05:45,3.4,499,27 Seats available
Bangalore to Kannur,https://www.redbus.in/bus-tickets/bangalore-to-kannur,Sugama Tourist,A/C Sleeper (2+1),22:00,07h 30m,05:30,4.0,INR 750,15 Seats available
Bangalore to Kannur,https://www.redbus.in/bus-tickets/bangalore-to-kannur,NS Transports,Non A/C Seater / Sleeper (2+1),22:00,08h 00m,06:00,3.9,INR 749,21 Seats available
Kozhikode to Mysore,https://www.redbus.in/bus-tickets/kozhikode-to-mysore,Kyros Connect,Bharat Benz A/C Semi Sleeper (2+2),12:15,06h 00m,18:15,4.7,INR 1999,16 Seats available
Kozhikode to Mysore,https://www.redbus.in/bus-tickets/kozhikode-to-mysore,Orange Tours And Travels,Bharat Benz A/C Sleeper (2+1),14:00,06h 30m,20:30,3.3,2525,21 Seats available
Kozhikode to Mysore,https://www.redbus.in/bus-tickets/kozhikode-to-mysore,Bharathi Travels,A/C Sleeper (2+1),15:00,06h 00m,21:00,3.1,INR 2645,12 Seats available
Kozhikode to Mysore,https://www.redbus.in/bus-tickets/kozhikode-to-mysore,CHANCHALAS TOURS AND TRAVELS,A/C Semi Sleeper (2+2),19:00,06h 30m,01:30,4.2,1614,17 Seats available
Kozhikode to Mysore,https://www.redbus.in/bus-tickets/kozhikode-to-mysore,A1 Travels,A/C Seater / Sleeper (2+1),20:00,08h 00m,04:00,3.2,INR 1500,11 Seats available
Kozhikode to Mysore,https://www.redbus.in/bus-tickets/kozhikode-to-mysore,MMK Travels,A/C Sleeper (2+1),20:30,06h 30m,03:00,4.2,INR 1900,23 Seats available
Kozhikode to Mysore,https://www.redbus.in/bus-tickets/kozhikode-to-mysore,SAAM BUS,VE A/C Sleeper (2+1),20:30,07h 30m,04:00,4.2,INR 1500,10 Seats available
Kozhikode to Mysore,https://www.redbus.in/bus-tickets/kozhikode-to-mysore,SAAM BUS,VE A/C Sleeper (2+1),20:30,07h 30m,04:00,4.2,INR 1600,20 Seats available
Kozhikode to Mysore,https://www.redbus.in/bus-tickets/kozhikode-to-mysore,National travels and logistics,NON A/C Sleeper (2+1),20:45,07h 15m,04:00,3.8,1449,9 Seats available
Kozhikode to Mysore,https://www.redbus.in/bus-tickets/kozhikode-to-mysore,SKS Tours & Travels,A/C Sleeper (2+1),21:00,07h 00m,04:00,4.0,INR 1799,7 Seats available
Kozhikode to Mysore,https://www.redbus.in/bus-tickets/kozhikode-to-mysore,National travels and logistics,A/C Sleeper (2+1),21:00,06h 15m,03:15,3.8,INR 1590,12 Seats available
Kozhikode to Mysore,https://www.redbus.in/bus-tickets/kozhikode-to-mysore,FAST LINE BUS,A/C Sleeper (2+1),21:15,06h 45m,04:00,3.1,1709,7 Seats available
Kozhikode to Mysore,https://www.redbus.in/bus-tickets/kozhikode-to-mysore,Sam Tourist,NON AC Seater / Sleeper 2+1,21:00,07h 00m,04:00,4.2,INR 1799,15 Seats available
Kozhikode to Mysore,https://www.redbus.in/bus-tickets/kozhikode-to-mysore,NS Transports,VE A/C Sleeper (2+1),21:15,06h 15m,03:30,3.1,INR 1599,10 Seats available
Kozhikode to Mysore,https://www.redbus.in/bus-tickets/kozhikode-to-mysore,Sam Tourist,Volvo A/C Seater (2+2),21:30,07h 30m,05:00,3.7,INR 1699,35 Seats available
Kozhikode to Mysore,https://www.redbus.in/bus-tickets/kozhikode-to-mysore,DA Transports,A/C Sleeper (2+1),21:50,06h 40m,04:30,3.6,INR 1599,13 Seats available
Kozhikode to Mysore,https://www.redbus.in/bus-tickets/kozhikode-to-mysore,Suraj Holidays,VE A/C Sleeper (2+1),22:00,07h 00m,05:00,4.1,INR 1750,15 Seats available
Kozhikode to Mysore,https://www.redbus.in/bus-tickets/kozhikode-to-mysore,DA Transports,A/C Sleeper (2+1),22:01,06h 39m,04:40,2.7,INR 1649,7 Seats available
Kozhikode to Mysore,https://www.redbus.in/bus-tickets/kozhikode-to-mysore,Kallada Travels (Suresh Kallada),A/C Sleeper (2+1),13:45,05h 45m,19:30,2.8,INR 2300,21 Seats available
Kozhikode to Mysore,https://www.redbus.in/bus-tickets/kozhikode-to-mysore,J J YATRA,A/C Sleeper (2+1),20:45,06h 15m,03:00,0,1675,21 Seats available
Kannur to Bangalore,https://www.redbus.in/bus-tickets/kannur-to-bangalore,NS Transports,A/C Sleeper (2+1),21:15,08h 15m,05:30,4.5,INR 1699,6 Seats available
Kannur to Bangalore,https://www.redbus.in/bus-tickets/kannur-to-bangalore,MMK Travels,VE A/C Seater / Sleeper (2+1),21:30,08h 30m,06:00,4.3,INR 1500,16 Seats available
Kannur to Bangalore,https://www.redbus.in/bus-tickets/kannur-to-bangalore,Kalpaka Travels 1,A/C Sleeper (2+1),21:45,07h 15m,05:00,4.1,INR 2000,3 Seats available
Kannur to Bangalore,https://www.redbus.in/bus-tickets/kannur-to-bangalore,AdSri Durgamba Travels,A/C Sleeper (2+1),22:00,07h 45m,05:45,3.8,INR 1500,17 Seats available
Kannur to Bangalore,https://www.redbus.in/bus-tickets/kannur-to-bangalore,Sugama Tourist,A/C Sleeper (2+1),22:00,07h 30m,05:30,3.9,INR 1400,2 Seats available
Kannur to Bangalore,https://www.redbus.in/bus-tickets/kannur-to-bangalore,SAAM BUS,VE A/C Sleeper (2+1),22:00,08h 00m,06:00,4.0,INR 1600,5 Seats available
Kannur to Bangalore,https://www.redbus.in/bus-tickets/kannur-to-bangalore,National travels and logistics,Non A/C Seater / Sleeper (2+1),21:15,08h 15m,05:30,3.4,INR 1490,2 Seats available
Kannur to Bangalore,https://www.redbus.in/bus-tickets/kannur-to-bangalore,Arya Travels,A/C Sleeper (2+1),21:25,08h 05m,05:30,3.0,INR 1545,7 Seats available
Kannur to Bangalore,https://www.redbus.in/bus-tickets/kannur-to-bangalore,Sugama Tourist,NON A/C Sleeper (2+1),22:15,07h 15m,05:30,3.3,INR 1400,3 Seats available
Kannur to Bangalore,https://www.redbus.in/bus-tickets/kannur-to-bangalore,Golden Travels,Volvo A/C Semi Sleeper (2+2),21:45,07h 05m,04:50,4.1,INR 1599,1 Seat available
Kannur to Bangalore,https://www.redbus.in/bus-tickets/kannur-to-bangalore,Arya Travels,A/C Sleeper (2+1),21:20,08h 10m,05:30,3.0,INR 1595,6 Seats available
Kannur to Bangalore,https://www.redbus.in/bus-tickets/kannur-to-bangalore,Golden Travels,NON A/C Semi Sleeper (2+2),21:15,07h 45m,05:00,3.8,INR 1299,1 Seat available
Kannur to Bangalore,https://www.redbus.in/bus-tickets/kannur-to-bangalore,Golden Travels,NON A/C Sleeper (2+1),21:30,07h 30m,05:00,3.6,INR 1499,1 Seat available
Kannur to Bangalore,https://www.redbus.in/bus-tickets/kannur-to-bangalore,Rukma Travels,A/C Seater/Sleeper (2+1),21:15,07h 50m,05:05,3.9,INR 1599,12 Seats available
Kannur to Bangalore,https://www.redbus.in/bus-tickets/kannur-to-bangalore,Golden Travels,A/C Sleeper (2+1),21:15,07h 45m,05:00,4.0,INR 1999,1 Seat available
Kannur to Bangalore,https://www.redbus.in/bus-tickets/kannur-to-bangalore,Blue Lagoon Holidays,A/C Semi Sleeper (2+2),21:45,07h 15m,05:00,4.3,INR 1499,2 Seats available
Kannur to Bangalore,https://www.redbus.in/bus-tickets/kannur-to-bangalore,Sam Tourist,Volvo A/C Seater (2+2),21:05,08h 25m,05:30,1.2,INR 1499,28 Seats available
Kannur to Bangalore,https://www.redbus.in/bus-tickets/kannur-to-bangalore,Sam Tourist,A/C Sleeper (2+1),21:35,08h 30m,06:05,2.6,INR 1699,12 Seats available
Kannur to Bangalore,https://www.redbus.in/bus-tickets/kannur-to-bangalore,SAAM BUS,VE A/C Sleeper (2+1),22:00,08h 00m,06:00,4.0,INR 1600,13 Seats available
Kannur to Bangalore,https://www.redbus.in/bus-tickets/kannur-to-bangalore,DA Transports,A/C Sleeper (2+1),21:15,08h 10m,05:25,3.7,INR 1599,12 Seats available
Kannur to Bangalore,https://www.redbus.in/bus-tickets/kannur-to-bangalore,EMERALD TRAVELS,Bharat Benz A/C Semi Sleeper (2+2),21:30,09h 00m,06:30,3.0,INR 1199,19 Seats available
Kannur to Bangalore,https://www.redbus.in/bus-tickets/kannur-to-bangalore,EMERALD TRAVELS,Bharat Benz A/C Semi Sleeper (2+2),21:00,09h 30m,06:30,3.0,INR 1249,22 Seats available
Kannur to Bangalore,https://www.redbus.in/bus-tickets/kannur-to-bangalore,J J YATRA,A/C Sleeper (2+1),22:45,07h 15m,06:00,2.8,1465,20 Seats available
Kozhikode to Thiruvananthapuram,https://www.redbus.in/bus-tickets/kozhikode-to-thiruvananthapuram,KSRTC (Kerala) - 2390,Low Floor AC Seater 2+2,11:30,10h 45m,22:15,2.8,INR 723,1 Seat available
Kozhikode to Thiruvananthapuram,https://www.redbus.in/bus-tickets/kozhikode-to-thiruvananthapuram,KSRTC (Kerala) - 427,Super Fast Non AC Seater (2+3),13:55,12h 00m,01:55,2.8,INR 515,1 Seat available
Kozhikode to Thiruvananthapuram,https://www.redbus.in/bus-tickets/kozhikode-to-thiruvananthapuram,KSRTC (Kerala) - 3058,Super Fast Non AC Seater (2+3),18:00,11h 50m,05:50,2.5,INR 502,10 Seats available
Kozhikode to Thiruvananthapuram,https://www.redbus.in/bus-tickets/kozhikode-to-thiruvananthapuram,KSRTC (Kerala) - 1378,AC MULTI AXLE,21:25,09h 50m,07:15,2.7,INR 1376,1 Seat available
Kozhikode to Thiruvananthapuram,https://www.redbus.in/bus-tickets/kozhikode-to-thiruvananthapuram,KSRTC (Kerala) - 370,AC MULTI AXLE,22:20,09h 30m,07:50,3.5,INR 1417,1 Seat available
Kozhikode to Thiruvananthapuram,https://www.redbus.in/bus-tickets/kozhikode-to-thiruvananthapuram,BLM Transports,A/C Sleeper (2+1),22:00,09h 00m,07:00,3.5,2375,5 Seats available
Kozhikode to Thiruvananthapuram,https://www.redbus.in/bus-tickets/kozhikode-to-thiruvananthapuram,Madhavi Travels,A/C Sleeper (2+1),22:20,08h 10m,06:30,2.3,INR 1999,3 Seats available
Kozhikode to Thiruvananthapuram,https://www.redbus.in/bus-tickets/kozhikode-to-thiruvananthapuram,A1 Travels,Bharat Benz A/C Sleeper (2+1),23:30,08h 30m,08:00,3.8,INR 1500,1 Seat available
Kozhikode to Thiruvananthapuram,https://www.redbus.in/bus-tickets/kozhikode-to-thiruvananthapuram,Agney Travels,VE A/C Seater / Sleeper (2+1),23:55,10h 00m,09:55,3.3,1800,1 Seat available
Kozhikode to Thiruvananthapuram,https://www.redbus.in/bus-tickets/kozhikode-to-thiruvananthapuram,Madhavi Travels,Volvo Multi-Axle I-Shift B11R Semi Sleeper (2+2),23:30,08h 00m,07:30,2.5,INR 1299,36 Seats available
Kozhikode to Thiruvananthapuram,https://www.redbus.in/bus-tickets/kozhikode-to-thiruvananthapuram,Blue Bird Travels,A/C Seater Push Back (2+2),21:40,08h 20m,06:00,2.9,INR 899,15 Seats available
Kozhikode to Thiruvananthapuram,https://www.redbus.in/bus-tickets/kozhikode-to-thiruvananthapuram,Madhavi Travels,Volvo Multi-Axle I-Shift B11R Semi Sleeper (2+2),23:30,08h 00m,07:30,4.0,INR 1499,16 Seats available
Kozhikode to Thiruvananthapuram,https://www.redbus.in/bus-tickets/kozhikode-to-thiruvananthapuram,Galaxy Tours,A/C Semi Sleeper (2+2),21:45,08h 45m,06:30,2.7,INR 1000,4 Seats available
Kozhikode to Thiruvananthapuram,https://www.redbus.in/bus-tickets/kozhikode-to-thiruvananthapuram,EMERALD TRAVELS,Bharat Benz A/C Semi Sleeper (2+2),22:10,08h 15m,06:25,2.9,INR 1599,22 Seats available
Kozhikode to Thiruvananthapuram,https://www.redbus.in/bus-tickets/kozhikode-to-thiruvananthapuram,Han Lay Travel and Tourism,Bharat Benz A/C Semi Sleeper (2+2),23:00,08h 30m,07:30,0,INR 1650,45 Seats available
Mysore to Kozhikode,https://www.redbus.in/bus-tickets/mysore-to-kozhikode,KSRTC (Kerala) - 1164,Super Fast Non AC Seater (2+3),12:02,06h 33m,18:35,4.0,INR 273,28 Seats available
Mysore to Kozhikode,https://www.redbus.in/bus-tickets/mysore-to-kozhikode,KSRTC (Kerala) - 581,Super Express Non AC Seater Air Bus (2+2),12:45,05h 45m,18:30,4.0,INR 396,14 Seats available
Mysore to Kozhikode,https://www.redbus.in/bus-tickets/mysore-to-kozhikode,KSRTC (Kerala) - 814,Super Fast Non AC Seater (2+3),13:25,05h 50m,19:15,3.9,INR 285,30 Seats available
Mysore to Kozhikode,https://www.redbus.in/bus-tickets/mysore-to-kozhikode,KSRTC (Kerala) - 1129,Super Fast Non AC Seater (2+3),14:01,06h 15m,20:16,2.5,INR 273,31 Seats available
Mysore to Kozhikode,https://www.redbus.in/bus-tickets/mysore-to-kozhikode,KSRTC (Kerala) - 567,Super Express Non AC Seater Air Bus (2+2),14:46,05h 59m,20:45,2.9,INR 396,6 Seats available
Mysore to Kozhikode,https://www.redbus.in/bus-tickets/mysore-to-kozhikode,KSRTC (Kerala) - 52,SWIFT-GARUDA A/C SEATER BUS,14:50,05h 05m,19:55,1.8,INR 586,12 Seats available
Mysore to Kozhikode,https://www.redbus.in/bus-tickets/mysore-to-kozhikode,KSRTC (Kerala) - 1193,Super Fast Non AC Seater (2+3),15:45,05h 50m,21:35,4.6,INR 285,39 Seats available
Mysore to Kozhikode,https://www.redbus.in/bus-tickets/mysore-to-kozhikode,KSRTC (Kerala) - 1378,AC MULTI AXLE,16:20,05h 05m,21:25,4.0,INR 740,25 Seats available
Mysore to Kozhikode,https://www.redbus.in/bus-tickets/mysore-to-kozhikode,KSRTC (Kerala) - 712,Super Fast Non AC Seater (2+3),16:45,05h 45m,22:30,3.4,INR 285,45 Seats available
Mysore to Kozhikode,https://www.redbus.in/bus-tickets/mysore-to-kozhikode,KSRTC (Kerala) - 798,Super Fast Non AC Seater (2+3),17:00,06h 00m,23:00,4.0,INR 285,32 Seats available
Mysore to Kozhikode,https://www.redbus.in/bus-tickets/mysore-to-kozhikode,CHANCHALAS TOURS AND TRAVELS,A/C Semi Sleeper (2+2),09:45,06h 15m,16:00,4.2,599,34 Seats available
Mysore to Kozhikode,https://www.redbus.in/bus-tickets/mysore-to-kozhikode,LIYAS TOURS,Bharat Benz A/C Sleeper (2+1),17:25,05h 40m,23:05,4.6,549,18 Seats available
Mysore to Kozhikode,https://www.redbus.in/bus-tickets/mysore-to-kozhikode,Suraj Holidays,NON AC Seater / Sleeper 2+1,23:00,07h 00m,06:00,4.2,INR 700,23 Seats available
Mysore to Kozhikode,https://www.redbus.in/bus-tickets/mysore-to-kozhikode,NS Transports,Non A/C Seater / Sleeper (2+1),00:10,06h 00m,06:10,4.2,INR 699,25 Seats available
Mysore to Kozhikode,https://www.redbus.in/bus-tickets/mysore-to-kozhikode,NS Transports,Non A/C Seater / Sleeper (2+1),00:30,06h 00m,06:30,4.2,INR 749,14 Seats available
Mysore to Kozhikode,https://www.redbus.in/bus-tickets/mysore-to-kozhikode,National travels and logistics,NON A/C Sleeper (2+1),00:40,05h 50m,06:30,3.4,649,16 Seats available
Mysore to Kozhikode,https://www.redbus.in/bus-tickets/mysore-to-kozhikode,Sam Tourist,Volvo A/C Seater (2+2),01:05,06h 25m,07:30,4.0,INR 699,35 Seats available
Mysore to Kozhikode,https://www.redbus.in/bus-tickets/mysore-to-kozhikode,J J YATRA,A/C Sleeper (2+1),14:30,05h 15m,19:45,2.8,395,21 Seats available
Mysore to Kozhikode,https://www.redbus.in/bus-tickets/mysore-to-kozhikode,A1 Travels,A/C Seater / Sleeper (2+1),23:45,06h 45m,06:30,1.9,INR 700,18 Seats available
Mysore to Kozhikode,https://www.redbus.in/bus-tickets/mysore-to-kozhikode,SKS Tourist Corporation (REGD),A/C Sleeper (2+1),23:55,05h 35m,05:30,3.6,INR 999,24 Seats available
Bangalore to Kalpetta (kerala),https://www.redbus.in/bus-tickets/bangalore-to-kalpetta,KSRTC (Kerala) - 52,SWIFT-GARUDA A/C SEATER BUS,12:01,06h 19m,18:20,3.4,INR 791,11 Seats available
Bangalore to Kalpetta (kerala),https://www.redbus.in/bus-tickets/bangalore-to-kalpetta,KSRTC (Kerala) - 1378,AC MULTI AXLE,13:46,05h 29m,19:15,2.1,INR 873,31 Seats available
Bangalore to Kalpetta (kerala),https://www.redbus.in/bus-tickets/bangalore-to-kalpetta,KSRTC (Kerala) - 129,SWIFT-GARUDA A/C SEATER BUS,14:15,06h 50m,21:05,3.9,INR 791,39 Seats available
Bangalore to Kalpetta (kerala),https://www.redbus.in/bus-tickets/bangalore-to-kalpetta,KSRTC (Kerala) - 370,AC MULTI AXLE,15:25,05h 30m,20:55,3.2,INR 873,29 Seats available
Bangalore to Kalpetta (kerala),https://www.redbus.in/bus-tickets/bangalore-to-kalpetta,KSRTC (Kerala) - 97,Swift Deluxe Non AC Air Bus (2+2),16:02,06h 29m,22:31,3.9,INR 617,23 Seats available
Bangalore to Kalpetta (kerala),https://www.redbus.in/bus-tickets/bangalore-to-kalpetta,KSRTC (Kerala) - 171,Swift Deluxe Non AC Air Bus (2+2),16:16,07h 14m,23:30,3.9,INR 709,14 Seats available
Bangalore to Kalpetta (kerala),https://www.redbus.in/bus-tickets/bangalore-to-kalpetta,KSRTC (Kerala) - 553,Super Express Non AC Seater Air Bus (2+2),16:45,07h 25m,00:10,3.8,INR 709,11 Seats available
Bangalore to Kalpetta (kerala),https://www.redbus.in/bus-tickets/bangalore-to-kalpetta,KSRTC (Kerala) - 51,Swift Deluxe Non AC Air Bus (2+2),19:04,07h 46m,02:50,3.8,INR 709,38 Seats available
Bangalore to Kalpetta (kerala),https://www.redbus.in/bus-tickets/bangalore-to-kalpetta,KSRTC (Kerala) - 789,Super Fast Non AC Seater (2+3),20:00,06h 05m,02:05,3.8,INR 473,24 Seats available
Bangalore to Kalpetta (kerala),https://www.redbus.in/bus-tickets/bangalore-to-kalpetta,KSRTC (Kerala) - 1585,Super Express Non AC Seater Air Bus (2+2),20:31,07h 10m,03:41,3.8,INR 709,32 Seats available
Bangalore to Kalpetta (kerala),https://www.redbus.in/bus-tickets/bangalore-to-kalpetta,DLT BUS,A/C Sleeper (2+1),22:30,07h 00m,05:30,4.1,INR 900,18 Seats available
Bangalore to Kalpetta (kerala),https://www.redbus.in/bus-tickets/bangalore-to-kalpetta,DLT BUS,A/C Sleeper (2+1),22:30,06h 50m,05:20,4.5,INR 900,16 Seats available
Bangalore to Kalpetta (kerala),https://www.redbus.in/bus-tickets/bangalore-to-kalpetta,Suraj Holidays,VE A/C Sleeper (2+1),22:30,07h 45m,06:15,4.6,INR 950,22 Seats available
Bangalore to Kalpetta (kerala),https://www.redbus.in/bus-tickets/bangalore-to-kalpetta,Kyros Connect,Bharat Benz A/C Semi Sleeper (2+2),23:00,08h 30m,07:30,3.9,INR 799,31 Seats available
Bangalore to Kalpetta (kerala),https://www.redbus.in/bus-tickets/bangalore-to-kalpetta,Kyros Connect,Bharat Benz A/C Semi Sleeper (2+2),23:00,08h 20m,07:20,4.2,INR 799,31 Seats available
Bangalore to Kalpetta (kerala),https://www.redbus.in/bus-tickets/bangalore-to-kalpetta,SURAJ TRAVEL HOUSE,VE A/C Seater / Sleeper (2+1),21:00,08h 15m,05:15,4.3,600,27 Seats available
Bangalore to Kalpetta (kerala),https://www.redbus.in/bus-tickets/bangalore-to-kalpetta,Kallada Travels (Suresh Kallada),A/C Sleeper (2+1),22:00,07h 25m,05:25,4.1,INR 850,23 Seats available
Bangalore to Kalpetta (kerala),https://www.redbus.in/bus-tickets/bangalore-to-kalpetta,Suraj Holidays,VE A/C Sleeper (2+1),22:30,07h 45m,06:15,4.3,INR 950,22 Seats available
Bangalore to Kalpetta (kerala),https://www.redbus.in/bus-tickets/bangalore-to-kalpetta,A1 Travels,Non A/C Seater / Sleeper (2+1),21:00,08h 00m,05:00,3.4,INR 600,33 Seats available
Bangalore to Kalpetta (kerala),https://www.redbus.in/bus-tickets/bangalore-to-kalpetta,DA Transports,A/C Sleeper (2+1),21:45,06h 30m,04:15,3.5,INR 799,15 Seats available
Kalpetta (kerala) to Bangalore,https://www.redbus.in/bus-tickets/kalpetta-to-bangalore,MMK Travels,A/C Seater / Sleeper (2+1),23:45,06h 15m,06:00,4.5,INR 1500,16 Seats available
Kalpetta (kerala) to Bangalore,https://www.redbus.in/bus-tickets/kalpetta-to-bangalore,Kyros Connect,Bharat Benz A/C Semi Sleeper (2+2),13:55,06h 35m,20:30,4.2,INR 1999,16 Seats available
Kalpetta (kerala) to Bangalore,https://www.redbus.in/bus-tickets/kalpetta-to-bangalore,DLT BUS,A/C Sleeper (2+1),23:45,06h 45m,06:30,4.2,INR 1899,11 Seats available
Kalpetta (kerala) to Bangalore,https://www.redbus.in/bus-tickets/kalpetta-to-bangalore,MMK Travels,A/C Seater / Sleeper (2+1),23:45,06h 15m,06:00,4.4,INR 1500,16 Seats available
Kalpetta (kerala) to Bangalore,https://www.redbus.in/bus-tickets/kalpetta-to-bangalore,Suraj Holidays,VE A/C Sleeper (2+1),23:58,07h 17m,07:15,4.2,INR 1750,14 Seats available
Kalpetta (kerala) to Bangalore,https://www.redbus.in/bus-tickets/kalpetta-to-bangalore,Kyros Connect,Bharat Benz A/C Semi Sleeper (2+2),13:57,06h 33m,20:30,3.6,INR 1999,16 Seats available
Kalpetta (kerala) to Bangalore,https://www.redbus.in/bus-tickets/kalpetta-to-bangalore,Kallada Travels (Suresh Kallada),A/C Sleeper (2+1),23:30,07h 45m,07:15,4.0,INR 1900,12 Seats available
Kalpetta (kerala) to Bangalore,https://www.redbus.in/bus-tickets/kalpetta-to-bangalore,DA Transports,A/C Sleeper (2+1),23:50,06h 55m,06:45,3.8,INR 1599,13 Seats available
Kalpetta (kerala) to Bangalore,https://www.redbus.in/bus-tickets/kalpetta-to-bangalore,SURAJ TRAVEL HOUSE,VE A/C Seater / Sleeper (2+1),22:30,07h 30m,06:00,3.9,INR 1799,2 Seats available
Kalpetta (kerala) to Bangalore,https://www.redbus.in/bus-tickets/kalpetta-to-bangalore,FAST LINE BUS,A/C Sleeper (2+1),23:15,07h 00m,06:15,0,INR 1899,7 Seats available
Thiruvananthapuram to Kozhikode,https://www.redbus.in/bus-tickets/thiruvananthapuram-to-kozhikode,KSRTC (Kerala) - 2388,Low Floor AC Seater 2+2,15:00,10h 30m,01:30,2.9,INR 723,2 Seats available
Thiruvananthapuram to Kozhikode,https://www.redbus.in/bus-tickets/thiruvananthapuram-to-kozhikode,KSRTC (Kerala) - 667,Super Fast Non AC Seater (2+3),16:15,10h 15m,02:30,2.9,INR 477,1 Seat available
Thiruvananthapuram to Kozhikode,https://www.redbus.in/bus-tickets/thiruvananthapuram-to-kozhikode,KSRTC (Kerala) - 862,Super Fast Non AC Seater (2+3),16:20,12h 20m,04:40,2.9,INR 502,3 Seats available
Thiruvananthapuram to Kozhikode,https://www.redbus.in/bus-tickets/thiruvananthapuram-to-kozhikode,KSRTC (Kerala) - 368,AC MULTI AXLE,17:25,09h 40m,03:05,2.9,INR 1417,3 Seats available
Thiruvananthapuram to Kozhikode,https://www.redbus.in/bus-tickets/thiruvananthapuram-to-kozhikode,A1 Travels,NON A/C Semi Sleeper (2+2),21:00,09h 30m,06:30,3.1,INR 700,2 Seats available
Thiruvananthapuram to Kozhikode,https://www.redbus.in/bus-tickets/thiruvananthapuram-to-kozhikode,Galaxy Tours,2+1 Air Suspension A/C Seater / Sleeper,21:00,09h 00m,06:00,2.8,INR 1000,5 Seats available
Thiruvananthapuram to Kozhikode,https://www.redbus.in/bus-tickets/thiruvananthapuram-to-kozhikode,Madhavi Travels,Volvo Multi-Axle I-Shift B11R Semi Sleeper (2+2),20:40,07h 50m,04:30,4.1,INR 1999,25 Seats available
Thiruvananthapuram to Kozhikode,https://www.redbus.in/bus-tickets/thiruvananthapuram-to-kozhikode,Madhavi Travels,Volvo Multi-Axle I-Shift B11R Semi Sleeper (2+2),20:45,08h 05m,04:50,4.0,INR 899,18 Seats available
Thiruvananthapuram to Kozhikode,https://www.redbus.in/bus-tickets/thiruvananthapuram-to-kozhikode,Kallada Travels (Suresh Kallada),A/C Sleeper (2+1),16:00,11h 51m,03:51,2.8,INR 2050,1 Seat available
Thiruvananthapuram to Kozhikode,https://www.redbus.in/bus-tickets/thiruvananthapuram-to-kozhikode,KP Travels,Bharat Benz A/C Seater (2+2),21:15,08h 30m,05:45,2.7,INR 999,16 Seats available
Thiruvananthapuram to Kozhikode,https://www.redbus.in/bus-tickets/thiruvananthapuram-to-kozhikode,Murahara Travels,Volvo Multi-Axle I-Shift B11R Semi Sleeper (2+2),16:00,11h 00m,03:00,3.8,1995,1 Seat available
Thiruvananthapuram to Kozhikode,https://www.redbus.in/bus-tickets/thiruvananthapuram-to-kozhikode,Agney Travels,VE A/C Seater / Sleeper (2+1),15:25,11h 15m,02:40,3.8,2249,21 Seats available
Thiruvananthapuram to Kozhikode,https://www.redbus.in/bus-tickets/thiruvananthapuram-to-kozhikode,A1 Travels,Bharat Benz A/C Semi Sleeper (2+2),21:15,09h 00m,06:15,3.0,INR 1100,19 Seats available
Thiruvananthapuram to Kozhikode,https://www.redbus.in/bus-tickets/thiruvananthapuram-to-kozhikode,Galaxy Tours,Bharat Benz A/C Semi Sleeper (2+2),21:00,09h 00m,06:00,2.8,INR 1150,30 Seats available
Kozhikode to Thrissur,https://www.redbus.in/bus-tickets/kozhikode-to-thrissur,KSRTC (Kerala) - 822,Super Fast Non AC Seater (2+3),10:45,03h 35m,14:20,3.4,INR 181,35 Seats available
Kozhikode to Thrissur,https://www.redbus.in/bus-tickets/kozhikode-to-thrissur,KSRTC (Kerala) - 773,Super Fast Non AC Seater (2+3),10:55,03h 15m,14:10,3.4,INR 181,13 Seats available
Kozhikode to Thrissur,https://www.redbus.in/bus-tickets/kozhikode-to-thrissur,KSRTC (Kerala) - 2979,Super Fast Non AC Seater (2+3),10:55,03h 35m,14:30,3.4,INR 181,13 Seats available
Kozhikode to Thrissur,https://www.redbus.in/bus-tickets/kozhikode-to-thrissur,KSRTC (Kerala) - 755,Super Fast Non AC Seater (2+3),11:15,03h 40m,14:55,3.4,INR 181,42 Seats available
Kozhikode to Thrissur,https://www.redbus.in/bus-tickets/kozhikode-to-thrissur,KSRTC (Kerala) - 2390,Low Floor AC Seater 2+2,11:30,03h 15m,14:45,3.4,INR 253,7 Seats available
Kozhikode to Thrissur,https://www.redbus.in/bus-tickets/kozhikode-to-thrissur,KSRTC (Kerala) - 324,Super Fast Non AC Seater (2+3),11:35,03h 30m,15:05,3.4,INR 181,44 Seats available
Kozhikode to Thrissur,https://www.redbus.in/bus-tickets/kozhikode-to-thrissur,KSRTC (Kerala) - 1118,Super Fast Non AC Seater (2+3),11:50,03h 30m,15:20,3.4,INR 181,40 Seats available
Kozhikode to Thrissur,https://www.redbus.in/bus-tickets/kozhikode-to-thrissur,KSRTC (Kerala) - 1884,Low Floor AC Seater 2+2,12:30,03h 20m,15:50,3.4,INR 253,1 Seat available
Kozhikode to Thrissur,https://www.redbus.in/bus-tickets/kozhikode-to-thrissur,KSRTC (Kerala) - 1023,Super Fast Non AC Seater (2+3),12:40,03h 15m,15:55,3.4,INR 174,25 Seats available
Kozhikode to Thrissur,https://www.redbus.in/bus-tickets/kozhikode-to-thrissur,KSRTC (Kerala) - 991,Super Fast Non AC Seater (2+3),12:50,04h 15m,17:05,3.4,INR 174,37 Seats available
Kozhikode to Thrissur,https://www.redbus.in/bus-tickets/kozhikode-to-thrissur,Blue Bird Travels,A/C Seater Push Back (2+2),21:40,03h 20m,01:00,3.1,INR 799,31 Seats available
Kozhikode to Thrissur,https://www.redbus.in/bus-tickets/kozhikode-to-thrissur,Arjun Holidays,A/C Seater Push Back (2+2),21:50,03h 25m,01:15,3.7,INR 999,11 Seats available
Kozhikode to Thrissur,https://www.redbus.in/bus-tickets/kozhikode-to-thrissur,BLM Transports,A/C Sleeper (2+1),22:00,03h 00m,01:00,3.9,2375,5 Seats available
Kozhikode to Thrissur,https://www.redbus.in/bus-tickets/kozhikode-to-thrissur,EMERALD TRAVELS,Bharat Benz A/C Seater (2+2),22:00,01h 35m,23:35,3.0,INR 1899,28 Seats available
Kozhikode to Thrissur,https://www.redbus.in/bus-tickets/kozhikode-to-thrissur,EMERALD TRAVELS,Bharat Benz A/C Semi Sleeper (2+2),22:10,02h 20m,00:30,3.0,INR 1599,24 Seats available
Kozhikode to Thrissur,https://www.redbus.in/bus-tickets/kozhikode-to-thrissur,Madhavi Travels,A/C Sleeper (2+1),22:20,02h 50m,01:10,3.9,INR 1999,1 Seat available
Kozhikode to Thrissur,https://www.redbus.in/bus-tickets/kozhikode-to-thrissur,Kallada Travels (Suresh Kallada),A/C Sleeper (2+1),22:30,03h 35m,02:05,3.1,INR 1000,10 Seats available
Kozhikode to Thrissur,https://www.redbus.in/bus-tickets/kozhikode-to-thrissur,Archana Holidays,AC Seater (2+2),23:15,02h 45m,02:00,4.4,INR 899,18 Seats available
Kozhikode to Thrissur,https://www.redbus.in/bus-tickets/kozhikode-to-thrissur,A1 Travels,Bharat Benz A/C Sleeper (2+1),23:30,02h 00m,01:30,3.2,INR 1500,1 Seat available
Kozhikode to Thrissur,https://www.redbus.in/bus-tickets/kozhikode-to-thrissur,Madhavi Travels,Volvo Multi-Axle I-Shift B11R Semi Sleeper (2+2),23:30,01h 40m,01:10,3.9,INR 1499,18 Seats available
Kozhikode to Kottayam,https://www.redbus.in/bus-tickets/kozhikode-to-kottayam,KSRTC (Kerala) - 2390,Low Floor AC Seater 2+2,11:30,07h 20m,18:50,2.5,INR 475,1 Seat available
Kozhikode to Kottayam,https://www.redbus.in/bus-tickets/kozhikode-to-kottayam,KSRTC (Kerala) - 324,Super Fast Non AC Seater (2+3),11:35,06h 50m,18:25,2.5,INR 332,44 Seats available
Kozhikode to Kottayam,https://www.redbus.in/bus-tickets/kozhikode-to-kottayam,KSRTC (Kerala) - 1118,Super Fast Non AC Seater (2+3),11:50,07h 10m,19:00,2.5,INR 332,40 Seats available
Kozhikode to Kottayam,https://www.redbus.in/bus-tickets/kozhikode-to-kottayam,KSRTC (Kerala) - 820,Super Fast Non AC Seater (2+3),12:55,07h 15m,20:10,2.5,INR 332,34 Seats available
Kozhikode to Kottayam,https://www.redbus.in/bus-tickets/kozhikode-to-kottayam,KSRTC (Kerala) - 766,Super Fast Non AC Seater (2+3),14:35,07h 30m,22:05,2.5,INR 332,41 Seats available
Kozhikode to Kottayam,https://www.redbus.in/bus-tickets/kozhikode-to-kottayam,KSRTC (Kerala) - 758,Super Fast Non AC Seater (2+3),15:45,07h 00m,22:45,2.5,INR 332,16 Seats available
Kozhikode to Kottayam,https://www.redbus.in/bus-tickets/kozhikode-to-kottayam,KSRTC (Kerala) - 726,Super Fast Non AC Seater (2+3),17:00,07h 05m,00:05,1.6,INR 332,48 Seats available
Kozhikode to Kottayam,https://www.redbus.in/bus-tickets/kozhikode-to-kottayam,KSRTC (Kerala) - 3058,Super Fast Non AC Seater (2+3),18:00,08h 00m,02:00,2.5,INR 332,11 Seats available
Kozhikode to Kottayam,https://www.redbus.in/bus-tickets/kozhikode-to-kottayam,KSRTC (Kerala) - 1506,Super Fast Non AC Seater (2+3),20:30,07h 30m,04:00,2.5,INR 332,8 Seats available
Kozhikode to Kottayam,https://www.redbus.in/bus-tickets/kozhikode-to-kottayam,KSRTC (Kerala) - 567,Super Express Non AC Seater Air Bus (2+2),20:45,07h 20m,04:05,2.5,INR 463,2 Seats available
Kozhikode to Kottayam,https://www.redbus.in/bus-tickets/kozhikode-to-kottayam,KSRTC (Kerala) - 1378,AC MULTI AXLE,21:25,06h 30m,03:55,2.8,INR 924,3 Seats available
Kozhikode to Kottayam,https://www.redbus.in/bus-tickets/kozhikode-to-kottayam,KSRTC (Kerala) - 344,Super Fast Non AC Seater (2+3),21:45,06h 40m,04:25,2.5,INR 332,3 Seats available
Kozhikode to Kottayam,https://www.redbus.in/bus-tickets/kozhikode-to-kottayam,KSRTC (Kerala) - 2333,Super Fast Non AC Seater (2+3),22:50,06h 50m,05:40,2.5,INR 332,26 Seats available
Kozhikode to Kottayam,https://www.redbus.in/bus-tickets/kozhikode-to-kottayam,KSRTC (Kerala) - 1963,Super Fast Non AC Seater (2+3),23:45,06h 15m,06:00,4.6,INR 332,6 Seats available
Kozhikode to Kottayam,https://www.redbus.in/bus-tickets/kozhikode-to-kottayam,Sonia Travels,A/C Seater/Sleeper (2+1),23:30,06h 45m,06:15,3.9,INR 1100,7 Seats available
Kozhikode to Kottayam,https://www.redbus.in/bus-tickets/kozhikode-to-kottayam,Madhavi Travels,Volvo Multi-Axle I-Shift B11R Semi Sleeper (2+2),23:30,05h 20m,04:50,4.4,INR 1299,37 Seats available
Kozhikode to Kottayam,https://www.redbus.in/bus-tickets/kozhikode-to-kottayam,Sonia Travels,A/C Semi Sleeper (2+2),23:54,06h 16m,06:10,4.4,INR 949,13 Seats available
Kozhikode to Kottayam,https://www.redbus.in/bus-tickets/kozhikode-to-kottayam,Sonia Travels,A/C Semi Sleeper (2+2),23:45,06h 40m,06:25,3.7,INR 800,3 Seats available
Kozhikode to Kottayam,https://www.redbus.in/bus-tickets/kozhikode-to-kottayam,Arjun Holidays,A/C Seater Push Back (2+2),21:50,06h 15m,04:05,3.6,INR 999,11 Seats available
Kozhikode to Kottayam,https://www.redbus.in/bus-tickets/kozhikode-to-kottayam,Holy Maria Travels,A/C Semi Sleeper (2+2),23:30,07h 00m,06:30,3.2,INR 999,4 Seats available
Kozhikode to Kottayam,https://www.redbus.in/bus-tickets/kozhikode-to-kottayam,EMERALD TRAVELS,Bharat Benz A/C Semi Sleeper (2+2),22:10,05h 20m,03:30,2.6,INR 1599,24 Seats available
Kozhikode to Kottayam,https://www.redbus.in/bus-tickets/kozhikode-to-kottayam,Aadithya Travels,A/C Seater/Sleeper (2+1),23:15,04h 55m,04:10,0,INR 2000,16 Seats available
Kottayam to Kozhikode,https://www.redbus.in/bus-tickets/kottayam-to-kozhikode,KSRTC (Kerala) - 313,Super Fast Non AC Seater (2+3),12:00,06h 45m,18:45,2.1,INR 332,36 Seats available
Kottayam to Kozhikode,https://www.redbus.in/bus-tickets/kottayam-to-kozhikode,KSRTC (Kerala) - 2884,Super Fast Non AC Seater (2+3),14:30,07h 30m,22:00,3.4,INR 332,42 Seats available
Kottayam to Kozhikode,https://www.redbus.in/bus-tickets/kottayam-to-kozhikode,KSRTC (Kerala) - 1902,Super Fast Non AC Seater (2+3),15:45,07h 15m,23:00,4.9,INR 332,18 Seats available
Kottayam to Kozhikode,https://www.redbus.in/bus-tickets/kottayam-to-kozhikode,KSRTC (Kerala) - 757,Super Fast Non AC Seater (2+3),16:05,07h 15m,23:20,3.4,INR 332,18 Seats available
Kottayam to Kozhikode,https://www.redbus.in/bus-tickets/kottayam-to-kozhikode,KSRTC (Kerala) - 1877,Low Floor AC Seater 2+2,16:30,06h 50m,23:20,3.4,INR 475,1 Seat available
Kottayam to Kozhikode,https://www.redbus.in/bus-tickets/kottayam-to-kozhikode,KSRTC (Kerala) - 1962,Super Fast Non AC Seater (2+3),17:00,06h 59m,23:59,3.4,INR 332,35 Seats available
Kottayam to Kozhikode,https://www.redbus.in/bus-tickets/kottayam-to-kozhikode,KSRTC (Kerala) - 3007,Super Fast Non AC Seater (2+3),17:05,06h 30m,23:35,3.4,INR 332,37 Seats available
Kottayam to Kozhikode,https://www.redbus.in/bus-tickets/kottayam-to-kozhikode,KSRTC (Kerala) - 3060,Super Fast Non AC Seater (2+3),17:30,07h 15m,00:45,3.4,INR 410,50 Seats available
Kottayam to Kozhikode,https://www.redbus.in/bus-tickets/kottayam-to-kozhikode,KSRTC (Kerala) - 561,Super Express Non AC Seater Air Bus (2+2),18:00,07h 55m,01:55,3.4,INR 463,3 Seats available
Kottayam to Kozhikode,https://www.redbus.in/bus-tickets/kottayam-to-kozhikode,KSRTC (Kerala) - 2131,Super Express Non AC Seater Air Bus (2+2),18:30,07h 20m,01:50,3.6,INR 370,4 Seats available
Kottayam to Kozhikode,https://www.redbus.in/bus-tickets/kottayam-to-kozhikode,KSRTC (Kerala) - 2388,Low Floor AC Seater 2+2,18:50,06h 40m,01:30,3.4,INR 475,3 Seats available
Kottayam to Kozhikode,https://www.redbus.in/bus-tickets/kottayam-to-kozhikode,KSRTC (Kerala) - 1028,Super Fast Non AC Seater (2+3),20:10,07h 20m,03:30,3.4,INR 355,2 Seats available
Kottayam to Kozhikode,https://www.redbus.in/bus-tickets/kottayam-to-kozhikode,KSRTC (Kerala) - 852,Super Fast Non AC Seater (2+3),21:00,06h 30m,03:30,3.4,INR 332,41 Seats available
Kottayam to Kozhikode,https://www.redbus.in/bus-tickets/kottayam-to-kozhikode,KSRTC (Kerala) - 847,Super Fast Non AC Seater (2+3),21:15,06h 30m,03:45,3.4,INR 332,14 Seats available
Kottayam to Kozhikode,https://www.redbus.in/bus-tickets/kottayam-to-kozhikode,KSRTC (Kerala) - 862,Super Fast Non AC Seater (2+3),21:20,07h 20m,04:40,4.0,INR 332,4 Seats available
Kottayam to Kozhikode,https://www.redbus.in/bus-tickets/kottayam-to-kozhikode,Sonia Travels,A/C Seater/Sleeper (2+1),19:10,07h 19m,02:29,4.0,INR 900,9 Seats available
Kottayam to Kozhikode,https://www.redbus.in/bus-tickets/kottayam-to-kozhikode,Sonia Travels,A/C Semi Sleeper (2+2),18:30,08h 00m,02:30,3.9,INR 800,13 Seats available
Kottayam to Kozhikode,https://www.redbus.in/bus-tickets/kottayam-to-kozhikode,Madhavi Travels,Volvo Multi-Axle I-Shift B11R Semi Sleeper (2+2),23:59,04h 31m,04:30,3.9,INR 1999,49 Seats available
Kottayam to Kozhikode,https://www.redbus.in/bus-tickets/kottayam-to-kozhikode,Madhavi Travels,A/C Sleeper (2+1),19:00,08h 00m,03:00,3.7,INR 1499,8 Seats available
Kottayam to Kozhikode,https://www.redbus.in/bus-tickets/kottayam-to-kozhikode,Ubc travels,A/C Semi Sleeper (2+2),17:30,07h 30m,01:00,3.2,INR 900,24 Seats available
Kottayam to Kozhikode,https://www.redbus.in/bus-tickets/kottayam-to-kozhikode,EMERALD TRAVELS,A/C Sleeper (2+1),23:00,05h 30m,04:30,3.0,INR 2499,7 Seats available
Kottayam to Kozhikode,https://www.redbus.in/bus-tickets/kottayam-to-kozhikode,Jacobs Travels,A/C Semi Sleeper (2+2),18:30,08h 00m,02:30,2.7,INR 950,14 Seats available
Kottayam to Kozhikode,https://www.redbus.in/bus-tickets/kottayam-to-kozhikode,AURA CONNECT,A/C Sleeper (2+1),18:15,08h 05m,02:20,0,3899,30 Seats available
Kottayam to Kozhikode,https://www.redbus.in/bus-tickets/kottayam-to-kozhikode,Archana Holidays,Volvo AC Seater Pushback 2+2,19:15,07h 45m,03:00,0,INR 2499,34 Seats available
